Category 1,Category 2,Cat. 1,Cat. 2,top_3_asin
-,-,Consumer Electronics,Power/Electronics,"[nan, 'Hama 00137237 Multiprises 4 Sorties, Blanc']"
-,-,Distribution Brand,Koss,"[nan, nan, nan]"
-,-,Home & Outdoor,Energy,"['Hama 00137237 Multiprises 4 Sorties, Blanc', 'Hama 00137237 Alimentation pour PC', nan]"
-,-,Mobilcom,Black Rock,[nan]
-,-,Mobile Communication,Protection & Care,[nan]
-,-,Sound & Vision,Headsets & Speakers,"[nan, nan, nan]"
Audio,Digital Radio,Audio,Digital Radio,"['Hama iTuner Hi-FI DIT2105SBTX Dab+ Bluetooth (Tuner Internet Radio FM Dab, Tuner HiFi, Radio numérique, RX/TX, WiFi, Spotify Connect, Amazon Music, App UNDOCK, Port USB, télécommande) Noir', 'Hama iTuner Hi-FI DIT2105SBTX Dab+ Bluetooth (Tuner Internet Radio FM Dab, Tuner HiFi, Radio numérique, RX/TX, WiFi, Spotify Connect, Amazon Music, App UNDOCK, Port USB, télécommande) Argenté', ""Hama Radio Internet Dab/Dab+ 'DR200BT' (Radio numérique FM/Dab/Dab+ Portable, Haut Parleur Bluetooth Rechargeable USB-C, Ecran Couleur, Entrée AUX, Minuteur, 30 Présélections, 8h d'écoute) Noir""]"
Audio,Digital Radio,Sound & Vision,Audio Devices,"['Hama iTuner Hi-FI DIT2105SBTX Dab+ Bluetooth (Tuner Internet Radio FM Dab, Tuner HiFi, Radio numérique, RX/TX, WiFi, Spotify Connect, Amazon Music, App UNDOCK, Port USB, télécommande) Noir', ""Hama Tuner Hi-FI Radio Internet,Dab/Dab+/FM, Bluetooth 'DIT2006BT' (Tuner HiFi Radio numérique WiFi, Spotify Connect, UNDOK App Control pour Smartphone ou Tablette, USB/AUX, Réveil) Noir"", 'Hama iTuner Hi-FI DIT2105SBTX Dab+ Bluetooth (Tuner Internet Radio FM Dab, Tuner HiFi, Radio numérique, RX/TX, WiFi, Spotify Connect, Amazon Music, App UNDOCK, Port USB, télécommande) Argenté']"
Audio,Headphone/Headsets,Audio,Headphone/Headsets,"['Hama Casque TV ShellTV (Casque Circum-Auriculaire Stéréo, idéal télé, câble Extra Long 6m, Jack 3.52mm mâle, Adaptateur Jack 6.35mm mâle Inclus, 20 Hz-20 kHz, 32 ohms, 113 DB/MW) Noir', 'Hama Casque Stéréo HK-229 (Casque Audio Supra-Auriculaire pour Lecteur mp3, iPod, Bande passante de 20 Hz - 20 kHz, Jack 3,52mm mâle, câble uni-latéral de 1,5 m, Ajustable et léger) Noir/Gris', 'Hama Casque Audio Shell (Casque Circum-Auriculaire Stéréo, 20 Hz-20 kHz, 32 ohms, 113 DB/MW, Jack 3.52mm mâle, Adaptateur Jack 6.35mm mâle Inclus, câble Extra Long 2 m) Noir']"
Audio,Headphone/Headsets,Mobile Communication,Headsets & Speakers,"[nan, nan, 'Hama Casque micro mono Bluetooth® ""MyVoice1300"" (intra-auriculairebande passante 20 Hz - 20 kHz, micro bande passante 100 Hz à 10 kHz, charge 2h pour 4h d\'autonomie, commande vocale) Noir']"
Audio,Headphone/Headsets,Picture World,Album,"['Hama ""Freedom Light Ecouteurs Bluetooth® sans Fil USB C - 7H d\'Autonomie, Assistant Vocaux Siri & Google, Microphone Intégré, Commande Tactile - Rouge', 'Hama ""Passion Voyage Casque Bluetooth® sans Fil USB C - 18H d4Autonomie, Réduction Active du Bruit, Mode Transparence, Assistants Vocaux Siri & Google, Charge sans Fil, Etui Inclus - Noir', nan]"
Audio,Headphone/Headsets,Sound & Vision,Headsets & Speakers,"[""Hama Ecouteurs sans Fil Tour du Cou Freedom Neck (Casque de Sport Bluetooth Intra-Auriculaires Tour d'oreille avec Micro, 10h d'autonomie, Idéal Course, Vélo, Gym, Contrôle Vocal) Noir"", 'Hama Casque Audio Shell (Casque Circum-Auriculaire Stéréo, 20 Hz-20 kHz, 32 ohms, 113 DB/MW, Jack 3.52mm mâle, Adaptateur Jack 6.35mm mâle Inclus, câble Extra Long 2 m) Noir', 'Hama Casque Stéréo HK-229 (Casque Audio Supra-Auriculaire pour Lecteur mp3, iPod, Bande passante de 20 Hz - 20 kHz, Jack 3,52mm mâle, câble uni-latéral de 1,5 m, Ajustable et léger) Noir/Gris']"
Audio,Headphone/Headsets,Sound & Vision,Holders & Mounting,[nan]
Audio,Headphone/Headsets | Thomson,Audio,Headphone/Headsets | Thomson,"[""Thomson Casque TV avec câble extra long (Casque d'écoute ajustable et rembouré, Cordon 8m, Idéal pour regarder la télé, écouter la musique, contrôle du volume, prise jack 3,5mm+adaptat. 6,35mm) Noir"", 'THOMSON Casque TV HQ HED4508 (câble Extra Long de 8 m, Casque stéréo pour TV, réglage du Volume séparé, Embout Filaire, Prise 3,5 mm avec Adaptateur de 6,35 mm) Noir', 'THOMSON Casque TV Stéthoscope HED4408 (câble de 8 m, léger pour Personnes âgées et porteurs de Lunettes, Casque stéréo pour TV, Casque Intra-auriculaire, Prise 3,5 mm, avec Adaptateur 6,35 mm) Noir']"
Audio,Headphone/Headsets | Thomson,Sound & Vision,Headsets & Speakers,"['THOMSON Casque Audio Filaire (Casque Stéréo Filaire Jack, Réglable, Supra-aural, Ultra-léger, 54g, Coussinets 27mm, 95dB, Cable 1.3m, idéal PC Smartphone Mac Tablette Ordinateur) Noir', 'THOMSON Kit Casque sans Fil TVWHP3203D (on-Ear, pour TV/HiFi, Circum-aural, supprimer Bruit Fond, 100 m) Noir', ""Thomson Casque TV avec câble extra long (Casque d'écoute ajustable et rembouré, Cordon 8m, Idéal pour regarder la télé, écouter la musique, contrôle du volume, prise jack 3,5mm+adaptat. 6,35mm) Noir""]"
Audio,Speaker,Audio,Speaker,"['Hama Enceinte Bluetooth Pocket 3.0"" (Mini Enceinte sans Fil Portable Légère, Basses intenses, Style Tendance, Étanche Eau et Poussière IP67, Autonomie 14h, USB-C, Prise Jack, 3.5W) Blanc', 'Hama Enceinte Bluetooth Pocket 3.0"" (Mini Enceinte sans Fil Portable Légère, Basses intenses, Style Tendance, Étanche Eau et Poussière IP67, Autonomie 14h, USB-C, Prise Jack, 3.5W) Noir', 'Hama Enceinte Bluetooth Etanche (Enceinte Nomade Bluetooth, TWS, IPX5, pour Smartphone, PC Portable, Haut-Parleur PC sans Fil Portable, Rechargeable USB-C, Batterie 12h, 20W) Noir']"
Audio,Speaker,Sound & Vision,Headsets & Speakers,"['Hama Double Enceinte Bluetooth Portable Waterproof Flottante (Double Enceinte Bluetooth séparables sans Fil, Haut-Parleurs Bluetooth 2en1 TWS, 30 W, Etanche IP67, Batterie 10h, Stéréo) Noir', 'Hama Enceinte Bluetooth Etanche (Enceinte Nomade Bluetooth, TWS, IPX5, pour Smartphone, PC Portable, Haut-Parleur PC sans Fil Portable, Rechargeable USB-C, Batterie 12h, 20W) Noir', 'Hama Enceinte Bluetooth Pocket 3.0"" (Mini Enceinte sans Fil Portable Légère, Basses intenses, Style Tendance, Étanche Eau et Poussière IP67, Autonomie 14h, USB-C, Prise Jack, 3.5W) Noir']"
Cables,AVA/SAT,Cables,AVA,"['Hama Câble Jack 3.5 Male Male (Câble Auxiliaire Stéréo Jack 3.5mm, Cable Audio Garantie 10ans, 1.5m, compatible iPhone, iPod, iPad, Voiture, Casque, Autoradio, Smartphones, MP3) Noir', 'Hama Câble Enceinte HiFi (Cable pour enceinte, 10m, Câble Audio pour Enceinte, Câble HP de Haut Parleur en Cuivre pour Hifi et Hifi embarquée, 2 x 0.75 mm²) Transparent', 'Hama Adaptateur Cassette Automobile (pour Smartphones, lecteurs MP3/CD, Jack 3,5 mm, Car Cassette Adapter) Noir']"
Cables,AVA/SAT,Cables,SAT,"[""Hama Adaptateur de prise d'antenne Coaxiale (Raccord Connecteurs Coaxial, Adaptateur SAT, Fiche Coaxiale F femelle vers Fiche coaxiale mâle)"", 'Hama Fiche F (pour câble coaxial de 6,8 mm, vissable, pour connexion au LNB, commutateur multiple, récepteur, 8 pièces) Argent', 'Hama Répartiteur Satellite (2 Voies Fiche F, Totalement blindé, Distributeur Sat, Protection Totale, Garantie 10 Ans) Argent']"
Cables,AVA/SAT,Mobile Communication,Cables & Adapters,"['Hama Adaptateur cassette automobile (pour smartphones, lecteurs MP3/CD, jack 3,5 mm) Blanc']"
Cables,AVA/SAT,Sound & Vision,Audio Devices,[nan]
Cables,AVA/SAT,Sound & Vision,Cables & Adapters,"['Hama Préamplificateur phono stéréo ""PA 506"" (avec alimentation secteur 230V/50 Hz, pour platines, 3000mA, câble Cinch 0,9 m) Noir', ""Hama Câble d'Antenne TV (Cable TV Coaxial Mâle - Coaxial Femelle, 85 db, 1.5m, Connexion d'un Téléviseur vers une Fiche TV Murale ou vers un Décodeur) Blanc"", 'Hama Câble Enceinte HiFi (Cable pour enceinte, 10m, Câble Audio pour Enceinte, Câble HP de Haut Parleur en Cuivre pour Hifi et Hifi embarquée, 2 x 0.75 mm²) Transparent']"
Cables,AVA/SAT,Sound & Vision,Holders & Mounting,"['Hama Console murale satellite, acier galvanisé, distance au mur 60 cm', nan, nan]"
Cables,Adapter & Hubs,Cables,Adapter & Hubs,"['Hama Adaptateur USB vers RJ45 (Adaptateur réseau USB 3.0 vers Gigabit Ethernet LAN 10/100/1 000 Mbit/s, Garantie 10 Ans, pour PC Portable, Tablette, MacBook, USB A vers routeur, Switch, Hub) Noir', ""Hama Hub USB-C Multiports (Adaptateur 6 en 1: 3 USB-A, 1 USB-C Power Delivery PD, 1 HDMI, 1 Ethernet, Station d'Acceuil PC Portable/Tablette MacBook Pro, MacBook Air, iPad Pro, Dell et XPS) Noir"", 'Hama Adaptateur Mini DisplayPort vers HDMI/VGA Garantie 10 Ans (Adaptateur Mini DP (Thunderbolt 2) vers HDMI 4K) Noir']"
Cables,Adapter & Hubs,IT & Office,Cables & Adapters,"['Hama Adaptateur USB vers USB-C (Fiche USB A mâle vers USB C Femelle, Connecteur PC, Ordinateur Portable, MacBook, Tablette avec câble USB-C ou hub USB-C, Convertisseur USB, 5 Gbit/s) Noir', ""Hama Station d'accueil USB-C Double Moniteur (Docking Station USB-C, 10 en 1, Adaptateur Multiport 10 Ports Dont 2 HDMI et Displayport, PD, 100W, pour Dell, HP, Lenovo, ASUS, Microsoft) Gris"", 'Hama Adaptateur vidéo, fiche HDMI™ - Port VGA, Port Audio, Full-HD 1080p']"
Cables,Adapter & Hubs,IT & Office,IT Essentials,"[""Hama Hub USB-C Multiports (Adaptateur 5 en 1: 3 USB-A, 1 USB-C Power Delivery PD, 1 HDMI, Station d'Acceuil Ordinateur Portable/Tablette MacBook Pro, MacBook Air, iPad Pro, Dell et XPS) Noir"", ""Hama Hub USB Garantie 10ans '00200119' (4 Ports USB 2.0, 480Mbit/s, Plug&Play, Idéal PC, Ordinateur Portable, Tablette, MacBook) Noir"", 'Lecteur de Cartes USB All in One, USB-A, USB 3.0']"
Cables,Computer,Cables,Computer,"['Hama Lot de Mini-Tournevis 24 en 1 avec Pochette (idéal Petites Réparations Electronique, Manche en Aluminium, 24 Embouts interchangeables, Garantie 10ans) Noir', 'Hama Câble Réseau RJ45 Plat (Câble Ethernet Cat 6a, 10 Gbit/s, U/UTP, 10m, Garantie 10ans, Idéal pour PC, ordinateur portable, téléviseur, console de jeux, routeur, commutateur, hub) Blanc', 'Hama Adaptateur Bluetooth 5.0 (Dongle Bluetooth USB, Clé Bluetooth Plug&Play pour PC, Casque, Souris, Manette, Clavier, Imprimantes, Smartphone, Tablette, Compatible avec Windows 10/8.1/7) Noir']"
Cables,Computer,Cables,Telcom Network,"['Hama Oreillette-micro pour téléphone sans fil (casque à pince sans fil, pour une oreille, jack 2,5mm) Noir/Chrome', ""Hama Casque-Micro pour téléphones sans Fil (Intra-Auriculaire, Contour d'oreille Réglable, Bras de Micro Flexible, Jack 2.5 mm, Qualité Audio Cristaline, 32 Ω, 1.2m, Garantie 10ans) Noir"", 'Hama Casque-Micro pour téléphone sans Fil (Casque Supra aural avec Arceau Ouvert Ajustable, Réglage Volume sur Le câble, Jack 2.5 mm, 1.20 m, Garantie 10ans) Noir/Argent']"
Cables,Computer,Home & Outdoor,Energy,"[""Hama Câble d'alimentation 1.5m Fiche Euro Type C vers C7 Figure 8 - Garantie 10ans (Cordon Alimentation Fiche Bipolaire Figure 8, pour PC, Ecran, Imprimante, DVD) Noir"", ""Hama Câble d'alimentation Secteur avec Terre (câble Alimentation pour Ordinateur/Notebook/TV, Adaptateur Secteur, Prise de Terre Type F, Fiche trèfle à 3 Broches, 1.5 m, Garantie 10ans) Noir"", nan]"
Cables,Computer,IT & Office,Cables & Adapters,"['Hama Adaptateur Bluetooth 5.0 (Dongle Bluetooth USB, Clé Bluetooth Plug&Play pour PC, Casque, Souris, Manette, Clavier, Imprimantes, Smartphone, Tablette, Compatible avec Windows 10/8.1/7) Noir', 'Hama Câble USB pour iPhone/iPad (Connect. Lightning, USB 2.0, métal, 0,75m) Argenté, Noir', 'Hama Câble réseau RJ45 ""Droit"" Ethernet Cat 5e STP (câble de raccordement de 10 m, 1000 Mbit/s, plaqué or, blindé) gris']"
Cables,Computer,IT & Office,Holders & Attachments,[nan]
Cables,Computer,IT & Office,IT Essentials,"[nan, nan, nan]"
Cables,Computer,IT & Office,Installation & Tools,"[""Hama Jeu de tournevis (pour appareils electroniques, montre, Lunettes, Maquettisme, Téléphone, Ordinateur, 12 inserts amovibles (Phillips, Torx, Pentalob), ensemble d'outils, 14 pièces) Noir/Argent"", 'Hama Lot de Mini-Tournevis 24 en 1 avec Pochette (idéal Petites Réparations Electronique, Manche en Aluminium, 24 Embouts interchangeables, Garantie 10ans) Noir']"
Cables,Computer,Mobile Communication,Cables & Adapters,"[nan, nan]"
Cables,Computer,Mobile Communication,Home Phone Devices,"[""Hama Casque-Micro pour téléphones sans Fil (Intra-Auriculaire, Contour d'oreille Réglable, Bras de Micro Flexible, Jack 2.5 mm, Qualité Audio Cristaline, 32 Ω, 1.2m, Garantie 10ans) Noir"", 'Hama Casque-Micro pour téléphone sans Fil (Casque Supra aural avec Arceau Ouvert Ajustable, Réglage Volume sur Le câble, Jack 2.5 mm, 1.20 m, Garantie 10ans) Noir/Argent', nan]"
Cables,Ecosentials,Cables,Ecosentials,"[nan, nan]"
Cables,Ecosentials,IT & Office,Cables & Adapters,"[nan, nan]"
Computing & Tablet,Mouse/Keyboards,Computing & Tablet,Mouse/Keyboards,"['Hama Souris Optique sans Fil Riano (Souris Gauche sans Fil, avec récepteur Nano USB, Vertical, 800-1600 dpi, Interrupteur de Marche/arrêt, 3 Boutons, 2,4 GHz) Noir', 'Hama EMW-700 Souris Verticale Ergonomique sans Fil - Technologie 2.4Ghz & Bluetooth® 4.2, Rechageable en USB C, Eclairage RGB, Capteur 2400 dpi, Multi-Devices - Grise Anthracite', 'Hama Souris Optique à 3 Boutons MC-200, Filaire, Blanche']"
Computing & Tablet,Mouse/Keyboards,IT & Office,IT Essentials,"['Hama Souris Optique sans Fil Riano (Souris Gauche sans Fil, avec récepteur Nano USB, Vertical, 800-1600 dpi, Interrupteur de Marche/arrêt, 3 Boutons, 2,4 GHz) Noir', 'Hama EMW-500 Souris Verticale Ergonomique Filaire - USB A, Capteur 1800 dpi, Droitier/e - Noire', 'Hama Souris Ergonomique sans Fil (Souris Verticale sans câble pour droitiers, Souris sans Fil sans Fil avec capteur Optique 1000/1400/1800 dpi) Noire, Prise USB Type-A, Pile AA Mignon']"
Computing & Tablet,Notebook Bags,Computing & Tablet,Notebook Bags,"['Hama Sacoche de Rangement Sportsline (Sacoche de projecteur, Ordinateur et disques durs, Taille L, 27 x 39 x 15 cm, rembourré, pour Acer, BenQ, Epson, LG, Optoma BeamerL) Noir', nan, nan]"
Computing & Tablet,Notebook Bags,IT & Office,Bags & Covers,"[""Hama Housse Ordinateur 13.3 Pouces (Pochette Ordinateur Neoprene, Protection Laptop, jusqu'à 34 cm) Noire"", nan, nan]"
Computing & Tablet,Notebook Bags,Imaging & Optics,Bags & Covers,"['Hama Sacoche de Rangement Sportsline (Sacoche de projecteur, Ordinateur et disques durs, Taille L, 27 x 39 x 15 cm, rembourré, pour Acer, BenQ, Epson, LG, Optoma BeamerL) Noir', nan]"
Computing & Tablet,PC & Notebook Accessories,Computing & Tablet,Mouse/Keyboards,"['Hama Tapis de Souris pour Souris Laser (Auto-adhésif, Amovible) Noir', 'Tapis de souris, Rouge', 'Hama Tapis de souris aspect cuir (22 x 18 cm, Tapis de souris Office aspect cuir, glisse optimale, dessous antidérapant) Noir']"
Computing & Tablet,PC & Notebook Accessories,Computing & Tablet,PC & Notebook Accessories,"['Hama Ventilateur USB avec affichage de la température', ""Hama Support pour Ordinateur Portable Carbone (Support pour Ordinateur Portable jusqu'à 47 cm, Hauteur 8 cm, Pieds en Caoutchouc antidérapants, Aspect Carbone) Noir"", 'Hama Antivol à combinaison (pour ordinateur portable, câble de 1,8 m, diamètre de 4 mm, sans clé, avec code) Argent']"
Computing & Tablet,PC & Notebook Accessories,IT & Office,Bags & Covers,"['Hama Étui Hard Drive Case (pour Disque Dur, 2,5"", néoprène, Étui de Protection pour Disque Dur Externe 6,4"", Accessoire, néoprène) Noir', nan]"
Computing & Tablet,PC & Notebook Accessories,IT & Office,Gadgets,"['Ventilateur USB avec LEDs de couleur', 'Hama Ventilateur USB avec affichage de la température', 'Hama Ventilateur de table USB (Mini Ventilateur de bureau 10 cm (4""), Bouton ON/OFF, inclinable, idéal aussi pour Chambre, Voiture, Camping) Noir']"
Computing & Tablet,PC & Notebook Accessories,IT & Office,Holders & Attachments,"[""Hama Support pour Ordinateur Portable Carbone (Support pour Ordinateur Portable jusqu'à 47 cm, Hauteur 8 cm, Pieds en Caoutchouc antidérapants, Aspect Carbone) Noir"", 'Hama Support pour ordinateur portable ""Aluminium"" (support pour ordinateur portable jusqu\'à 39,4 cm, hauteur 7 cm, antidérapant, pliable, ventilation optimale, pour ordinateur) Argent', nan]"
Computing & Tablet,PC & Notebook Accessories,IT & Office,IT Essentials,"['Tapis de souris ""Work in Progress""', 'Hama Tapis de souris porte-documents (personnalisable avec photos, images ou cartes postales, 23 x 19,5 cm) Transparent/Noir', 'Hama Tapis de Souris (1 pièce, Taille de 22,3 cm x 18,3 cm x 0,6 cm, en EVA/Jersey) Couleur aléatoire Parmi Bleu/Rouge']"
Computing & Tablet,PC & Notebook Accessories,IT & Office,Installation & Tools,"[""Hama Jeu de tournevis (universels, également adapté aux appareils Apple, 10 inserts amovibles (Phillips, Torx, Pentalob), ensemble d'outils, 12 pièces) Noir/Argent"", nan]"
Computing & Tablet,PC & Notebook Accessories,IT & Office,Media Storage & Organization,"['Hama Album CD/DVD/Blu-Ray (pour 28 CD/DVD/Blu-ray, construction stable avec panneaux latéraux en bois) Noir/Marron', nan]"
Computing & Tablet,PC & Notebook Energie,Computing & Tablet,PC & Notebook Energy,"['Hama 65W Chargeur Rapide Universel pour PC Portable 15-19V - [8 Adaptateurs] [Protection Contre la surchauffe & sur-tensions] Noir', nan]"
Computing & Tablet,PC & Notebook Energie,IT & Office,Energy,"['Hama 65W Chargeur Rapide Universel pour PC Portable 15-19V - [8 Adaptateurs] [Protection Contre la surchauffe & sur-tensions] Noir', nan]"
Computing & Tablet,PC & Notebook Energy,Computing & Tablet,PC & Notebook Energy,"['Hama 90W Chargeur Rapide Universel pour PC Portable 12-22V - [8 Adaptateurs] [Protection Contre la surchauffe & sur-tensions] [Temoin LED] Noir', nan, nan]"
Computing & Tablet,PC & Notebook Energy,IT & Office,Energy,"['Hama 90W Chargeur Rapide Universel pour PC Portable 15-19V - [8 Adaptateurs] [Protection Contre la surchauffe & sur-tensions] Noir', 'Hama 65W Chargeur Rapide Type C pour PC Portable, iPhone, Samsung, Smartphone, Macbook - [Technologie GaN, PD + QC 3.0] [Recharge Optimisée] [Câble Type C Inclus] Blanc', nan]"
Computing & Tablet,PC & Notebook Energy,Mobile Communication,Energy,"[nan, nan]"
Computing & Tablet,PC & Notebook Zubehör,Computing & Tablet,Mouse/Keyboards,"[""Hama Tapis de Souris 'Football' (Idéal Fans de Foot/Coupe du Monde 2022, Idée Cadeau Original, Tapis Ergonomique, Belle Finition surfilée) Vert""]"
Computing & Tablet,PC & Notebook Zubehör,IT & Office,IT Essentials,"[""Hama Tapis de Souris 'Football' (Idéal Fans de Foot/Coupe du Monde 2022, Idée Cadeau Original, Tapis Ergonomique, Belle Finition surfilée) Vert""]"
Computing & Tablet,Speakers/Microfones/Headsets,-,-,[nan]
Computing & Tablet,Speakers/Microfones/Headsets,Computing & Tablet,Speakers/Microfones/Headsets,"['Hama Sonic Mobil 183 Enceintes pour Ordinateur - Système Stéréo 2.0, Haut-Parleurs Alimentés en USB, Connexion Jack 3.5mm - Noir/Rouge', 'Hama BT700 Casque Bluetooth® - Connexion Multipoint, Microphone Intégré, Bluetooth® 5.2, Casque Rechargeable en USB C, Touches Multifonctions, Autonomie 45 h - Noir', 'Hama E 80 Enceintes pour Ordinateur - Système Stéréo 2.0, Haut-Parleurs Alimentés en USB, Connexion Jack 3.5mm, Sortie Casque - Noir']"
Computing & Tablet,Speakers/Microfones/Headsets,IT & Office,Headsets & Speakers,"['Hama Sonic Mobil 183 Enceintes pour Ordinateur - Système Stéréo 2.0, Haut-Parleurs Alimentés en USB, Connexion Jack 3.5mm - Noir/Rouge', 'Hama Casque Essential HS 200"" avec Microphone (Ultra-léger, Oreillettes rembourrées, Casque stéréo, chaîne stéréo, réglage du Volume sur Le câble, Longueur de câble de 2 m, Prise Jack 3,5 mm) Noir', 'Hama E 80 Enceintes pour Ordinateur - Système Stéréo 2.0, Haut-Parleurs Alimentés en USB, Connexion Jack 3.5mm, Sortie Casque - Noir']"
Computing & Tablet,Speakers/Microfones/Headsets,IT & Office,IT Essentials,"['Hama C-400 Webcam PC - Qualité Vidéo FHD 1080p, Microphone Intégré, Cache Lentille, Filetage 1/4 - Convient pour Les Appels Vidéos et Le Streaming - Noir', 'Hama Microphone à clip (microphone à clipser compact, longueur de câble 2m, pour ordinateur/smartphone/tablette, prise 3,5 mm) Noir', 'Hama Mini microphone pour ordinateur portable (seulement 23 x 32 mm, métal précieux) Argent']"
Computing & Tablet,Speakers/Microfones/Headsets,Imaging & Optics,Projection & Editing,"['Hama X-Pointer 6in1 Télécommande Pointeur Laser - 6 en 1, Laser Rouge, Fonction Air Mouse, Technologie Smart-Link, sans Fil 2.4 GHz - pour présentation Powerpoint - Noir', 'Hama X-Pointer Télécommande Pointeur Laser - Laser Rouge, Technologie Smart-Link, sans Fil 2.4 GHz - pour présentation Powerpoint - Noir', nan]"
Computing & Tablet,Tablet Accessories,Computing & Tablet,Tablet Accessories & Energy,"['Hama Stylet ""Active Fineline"" pour écrans tactiles (universel, pour tablettes/smartphones/GPS, utilisation facile, stylet de 116 mm, pour Samsung, Apple, Huawei, Xiaomi, LG, Sony) Noir', 'Hama Support Travel Pliable pour tablettes et Smartphones (Idéal pour Les déplacements, Solide et Pratique) Couleur aléatoire Parmi Blanc/Bleu/Gris/Jaune/Noir/Rouge/Vert', 'Hama Support mural pour tablettes de 7"" à 10,5"" (Idéal cuisine, bureau, atelier ou chambre, Système rotatif, Aluminium) Argenté']"
Computing & Tablet,Tablet Accessories,IT & Office,Holders & Attachments,"['Hama Support Travel Pliable pour tablettes et Smartphones (Idéal pour Les déplacements, Solide et Pratique) Couleur aléatoire Parmi Blanc/Bleu/Gris/Jaune/Noir/Rouge/Vert', 'Hama Support mural pour tablettes de 7"" à 10,5"" (Idéal cuisine, bureau, atelier ou chambre, Système rotatif, Aluminium) Argenté', nan]"
Computing & Tablet,Tablet Accessories,IT & Office,IT Essentials,"['Hama Stylet ""Active Fineline"" pour écrans tactiles (universel, pour tablettes/smartphones/GPS, utilisation facile, stylet de 116 mm, pour Samsung, Apple, Huawei, Xiaomi, LG, Sony) Noir', 'Hama Stylet ""Easy"" pour écrans tactiles (universel, pour tablettes/smartphones/GPS, utilisation facile, stylet de 106 mm, pour Samsung, Apple, Huawei, Xiaomi, LG, Sony) Noir', ""Hama - Mini stylo capacitif pour tablettes et smartphones (facile à utiliser, évite de laisser des empreintes digitales sur l'écran) Couleur aléatoire entre argent/bleu/jaune, modèle assorti, 1 unité""]"
Computing & Tablet,Tablet Accessories,IT & Office,Protection & Care,"[nan, nan, nan]"
Computing & Tablet,Tablet Cases,Computing & Tablet,Tablet Cases,"[nan, nan, nan]"
Computing & Tablet,Tablet Cases,IT & Office,Bags & Covers,"['Hama Coque pour iPad 10,2"" Fold à Rabat (Etui à Rabat magnétique avec Fonction Veille/réveil Automatique, Pochette de Protection pour Tablette Apple iPad 2021/2020/2019 10,2"") Noir', 'Hama Coque pour iPad 10,2"" Fold Clear à Rabat (Etui Tablette Apple ipad 10.2"" 9e génération 2021-8e gén.2020-7e gén.2019, Rabat magnétique avec Fonction Veille/réveil Automatique) Rouge', 'Hama Étui à Rabat pour Samsung Galaxy Tab S7 FE/S7+ 12,4"" (31,5 cm) (étui à Rabat pour Tablette Samsung Galaxy Tab S7 FE/S7 + avec Fonction Support, Couverture magnétique) Noir']"
Computing & Tablet,Tablet Energy,Computing & Tablet,Tablet Accessories & Energy,"[nan, nan, nan]"
Computing & Tablet,Tablet Energy,IT & Office,Energy,"[nan, nan, nan]"
Consumer Electronics,Antennas,Consumer Electronics,Antennas,"[""Hama Antenne intérieure (antenne radio pour l'amplification du signal actif jusqu'à 30 dB, puissance de l'amplificateur réglable, hauteur de 31 cm, DAB/DAB+, en long) Noir"", ""Hama Antenne intérieure (Antenne Réception Radio Numérique (Dab/Dab+) et Analogique FM, Amplification du Signal Actif jusqu'à 30 DB, Cäble 1.5m, Fiche F mâle, Alim Secteur) Noir"", ""Hama Antenne intérieur (antenne radio pour l'amplification du signal actif jusqu'à 30 dB, fiche coaxiale, puissance de l'amplificateur réglable, hauteur de 12,3 cm, AM/FM, en corne) Noir""]"
Consumer Electronics,Antennas,Sound & Vision,Cables & Adapters,"[""Hama Antenne intérieure (antenne radio pour l'amplification du signal actif jusqu'à 30 dB, puissance de l'amplificateur réglable, hauteur de 31 cm, DAB/DAB+, en long) Noir"", ""Hama Antenne intérieur (antenne radio pour l'amplification du signal actif jusqu'à 30 dB, fiche coaxiale, puissance de l'amplificateur réglable, hauteur de 12,3 cm, AM/FM, en corne) Noir"", ""Hama Antenne intérieure (Antenne Réception Radio Numérique (Dab/Dab+) et Analogique FM, Amplification du Signal Actif jusqu'à 30 DB, Cäble 1.5m, Fiche F mâle, Alim Secteur) Noir""]"
Consumer Electronics,Cable Organizer,Consumer Electronics,Cable Organizer,"[""Hama Boîte de Rangement Câbles 'Mini' (Cache câbles, pour Bureau, Maison, Rangement Chargeurs, Multiprises, Disques durs, 23.5x11.5x12.cm) Blanc"", ""Hama Boîte de Rangement Câbles 'Maxi' (Cache câbles, pour Bureau, Maison, Rangement Chargeurs, Multiprises, Disques durs, 40.0x15.5x13.8cm) Blanc"", 'Hama Boîtier pour câbles Maxi (Boite pour câbles, 40 x 15,5 x 13,8 cm, avec Pieds en Caoutchouc) Noir']"
Consumer Electronics,Cable Organizer,Sound & Vision,Cables & Adapters,"[""Hama Chemin de câbles (Bande en Aluminium pour Montage Mural TV ou au Sol, Cache-câble Rectangle, 110 x 3,3 x 1,7 cm, entrée de câble jusqu'à 5 câbles, matériel de Montage Compris) Gris"", ""Hama Chemin de câbles (bande en aluminium pour montage mural TV ou au sol, cache-câble demi-rond, 110 x 3,3 x 1,8 cm, entrée de câble jusqu'à 5 câbles, matériel de montage compris) Gris"", 'Hama Chemin de câble (en PVC, Semi-Circulaire, 100 x 7 x 2,1 cm) Blanc']"
Consumer Electronics,Consumer Electronics | Thomson,Consumer Electronics,Consumer Electronics | Thomson,"['THOMSON Microphone Dynamique M150 (fiche Jack 3,52 mm, Longueur de câble 3 m, Party) Noir', 'Thomson Antenne intérieure ANT1538 (pour réception Radio/télévision numérique, HDTV/3D, DVB-T/T2, avec Amplification du Signal, Performance 45) Noir/Bleu', ""Thomson Télécommande de Rechange ROC1128LG (Télécommande de Remplacement pour Les téléviseurs LG, prête à l'emploi, adaptative, Mode Simple, Touches Lumineuses, Infrarouge) Noir""]"
Consumer Electronics,Consumer Electronics | Thomson,Sound & Vision,Audio Devices,"['THOMSON Microphone Dynamique M135 (Microphone Karaoké Filaire, Motif cardioïde, fiche Jack 3,52 mm, Longueur de câble 3 m, idéal Karaoké, Chant, Live, Conférence, Mariage) Noir', 'THOMSON Microphone Dynamique M150 (fiche Jack 3,52 mm, Longueur de câble 3 m, Party) Noir', 'Thomson 00131772 Microphone dynamique M135D (motif cardioïde, fiche jack 3,52 mm, longueur de câble 3 m, Karaoké, 2 microphones), Noir']"
Consumer Electronics,Consumer Electronics | Thomson,Sound & Vision,Cables & Adapters,"['Thomson Antenne Intérieure ANT1418BK (pour Radio/TV, réception numérique DVB-T/-T2, réception Dab/Dab+, Convient au récepteur/syntoniseur VHF, avec Prise 12V pour Voiture, Performance 35) Noir', 'Thomson Antenne Intérieure ""ANT1639"" (Design UHD ""Sculpture"", pour réception numérique DVB-T/DVB-T2 et HDTV, actif, 2 m, Performance 55) Noir/Gris', 'Thomson Antenne intérieure ANT1538 (pour réception Radio/télévision numérique, HDTV/3D, DVB-T/T2, avec Amplification du Signal, Performance 45) Noir/Bleu']"
Consumer Electronics,Consumer Electronics | Thomson,Sound & Vision,Holders & Mounting,"['Thomson Support Mural TV WAB846 (VESA 200x200, inclinable et orientable, avec 2 Bras, pour Une Diagonale d\'écran de 25 à 117 cm (de 10"" à 46"")) Noir', 'Thomson Support Mural TV WAB156 (VESA jusqu\'à 400x400, Inclinable, pour Une Diagonale d´écran de 58 à 142 cm (de 23"" à 56"")) Noir', 'THOMSON Support Mural TV WAB075 (VESA jusqu\'à 600x400, Fixe, pour Une Diagonale d´écran comprise Entre 94 et 191 cm (de 37"" à 75"")) Noir']"
Consumer Electronics,Consumer Electronics | Thomson,Sound & Vision,Remotes,"['Thomson Télécommande Universelle 2 en 1 ""ROC 2411"" (Télécommande avec Fonction d\'apprentissage, Convient pour Deux appareils, pour Plus de 1 000 Marques) Noir', 'Thomson Télécommande Universelle 2 en 1 Zapper ROC Z107 (Télécommande, Zapper, STB, TV, IR sans Fil, Boutons) Noir', nan]"
Consumer Electronics,Diverse,Consumer Electronics,Diversee,"['Hama - 46020H - Micro monophonique, finition noire métal, jack de 3,5mm et adaptateur 3,5/6,35 mm, interrupteur marche/arrêt sur le micro, 600 Ohms, dynamique et unidirectionnel - Cordon 3.00m', ""Hama Support mural pour Google Home mini (pour enceinte sans/avec fil, support d'enceinte, pour un alignement et une présentation optimaux de l'enceinte, montage mural) Blanc"", 'Hama Microphone Dynamique DM 60"" (avec caractéristique cardioïde, boîtier en métal, Longueur de câble 3m) Noir']"
Consumer Electronics,Diverse,Sound & Vision,Audio Devices,"['Hama - 46020H - Micro monophonique, finition noire métal, jack de 3,5mm et adaptateur 3,5/6,35 mm, interrupteur marche/arrêt sur le micro, 600 Ohms, dynamique et unidirectionnel - Cordon 3.00m', 'Hama - 46040H - Micro monophonique, finition argent, jack de 3,5mm et adaptateur 3,5/6,35 mm, prise XLR, interrupteur marche/arrêt sur le micro, 600 Ohms, dynamique et unidirectionnel - Cordon 3.00m', nan]"
Consumer Electronics,Diverse,Sound & Vision,Cables & Adapters,"['Cor. alim. Euro pr Sonos PLAY:1/PLAY:5/One, coudé aux extrém., 3 m, nr', 'Hama Cordon d’alimentation Euro pour Sonos PLAY:3/PLAY:5, droit, 5m, noir', nan]"
Consumer Electronics,Diverse,Sound & Vision,Holders & Mounting,"[""Hama Support mural pour Google Home mini (pour enceinte sans/avec fil, support d'enceinte, pour un alignement et une présentation optimaux de l'enceinte, montage mural) Blanc"", ""Hama Supports d'enceintes (pour haut-parleur, hauteur réglable jusqu'à 123 cm, capacité de charge de 5 kg, guide-câble dissimulé, lot de 2) Noir"", 'Hama Support mural (pour enceintes Bose SoundTouch 10/Bose SoundTouch 20, pivotantes, système Easy-Fix, support pour haut-parleur) Noir']"
Consumer Electronics,Diverse,Sound & Vision,Protection & Care,[nan]
Consumer Electronics,Flashlights,Consumer Electronics,Flashlights,"['Hama Lampe de Poche LED Ultra Pro, 1 000 lumens', 'Hama Lampes LED de sécurité à pince (à 2 LED, ampoule rouge, fonctionnement sur piles, voyant fixe et clignotant, idéal pour les joggeurs, les écoliers, les cyclistes, ensemble 2 pièces) Rouge/Noir', nan]"
Consumer Electronics,Flashlights,Home & Outdoor,Outdoor Essentials,"['Hama Lampes LED de sécurité à pince (à 2 LED, ampoule rouge, fonctionnement sur piles, voyant fixe et clignotant, idéal pour les joggeurs, les écoliers, les cyclistes, ensemble 2 pièces) Rouge/Noir', 'Hama Lampe de poche LED ""2en1"" (avec anneau à clés et ouvre-bouteille, Idéale pour le voyage) Couleur aléatoire parmi Bleu/ Rouge/ Vert/ Orange/ Gris/ Noir', nan]"
Consumer Electronics,Mobile Entertainment & Car,Consumer Electronics,Mobile Entertainment & Car,"[""Hama Kit d'alimentation, 25mm²"", 'Hama Câble de Liaison AluLine (fiche Jack 3,5 mm mâle, stéréo - 2 RCA mâles, Gaine en Tissu, 2 m) Argent', 'Hama Répartiteur triple pour prise allume-cigare (12 V, avec USB, avec écran LED) Noir']"
Consumer Electronics,Mobile Entertainment & Car,Mobile Communication,Cables & Adapters,"['Hama Antenne filaire de pare-brise électronique (pour la réception VHF, AM et FM) Noir', 'Hama Interrupteur pour véhicules (Interrupteur de voiture, rond, 10 A, 12 V, interrupteur à bascule) Noir', 'Hama Câble de liaison (RCA, 2 fiches mâles - 2 fiches mâles, avec lignee remote intégrée, 5 m) Bleu']"
Consumer Electronics,Mobile Entertainment & Car,Mobile Communication,Energy,"['Hama Répartiteur de puissance 1/5 ""Techline"" (Powersplitter, 1 entrée, 5 sorties) Bleu/Or/Transparent', ""Hama Alimentation secteur (Transformateur de tension d'alimentation CA/CC (230V à 12V / 1000mAh, Adaptateur de charge pour allume-cigare, 1A) Noir"", ""Hama Fiche universelle pour prises d' allume-cigares (fiche de sécurité 16 A prise allume-cigare, câbles jusqu'à 2 x 2,5 mm², 6V - 24V, avec serre-câble) Rouge/Noir""]"
Consumer Electronics,Mobile Entertainment & Car,Mobile Communication,Holders & Attachments,"[nan, nan, 'Hama Support universel (pour véhicule, support, pour vitre/grille de ventilation) Noir']"
Consumer Electronics,Power/Electronics,Consumer Electronics,Power/Electronics,"['Hama Multiprise avec Interrupteur 10 Prises 16A (Rallonge multiprises 3m, Bloc 10 Prises Type F Schuko, 3500W Max, Idéal Bureau PC luminaires, Atelier, Meuble TV, Garage) Noir', 'Hama Multiprise avec Interrupteur 1.4m (6 Prises typeE, Norme NF, interrupteurs général + indiv. éclairés, Protection Surtensions, Montage Mural, Sécurité Enfants, 3680W/16A) Noir', 'Hama Multiprise Etanche 2 Prises 16A avec Interrupteur (Multiprise Extérieur Rallonge 2m, Bloc 2 Prises étanches IP44 avec Couvercle, Type F Schuko, 3680W, Idéal Jardin Garage Atelier Chantier) Noir']"
Consumer Electronics,Power/Electronics,Home & Outdoor,Energy,"['Hama Multiprise 6 Prises 16A avec Interrupteur (Rallonge multiprises 3m, Bloc 6 Prises Type F Schuko, 3680W Max, Idéal Bureau PC luminaires, Atelier, Meuble TV, Garage, sécurité Enfants) Noir', 'Hama Prise Secteur Multiple, Chargeur Multiprises 4en1: 1 Sortie AC, 1 USB-C PD et 2 Ports USB-A, Prise Murale Electrique Compatible avec iPhone/iPad, Idéal pour Chambre Bureau Domicile 16A/4000W', 'Hama Multiprise 4 Prises 16A avec Interrupteur individuel (Rallonge multiprises 1.4m, Bloc 4 prises Type F Schuko, Idéal Bureau PC luminaires, Atelier, Meuble TV, Garage )Noir']"
Consumer Electronics,Power/Electronics,Home & Outdoor,Household Essentials,[nan]
Consumer Electronics,Power/Electronics,Home & Outdoor,Housing Technology,"['Hama Veilleuse nocturne ""Basic"" (LED avec capteur crépusculaire, lampe d\'orientation économique pour prise de courant, seulement 0,8 W) Rouge', nan, nan]"
Consumer Electronics,Power/Electronics,Home & Outdoor,Travel Essentials,"['Hama Adaptateur secteur (prise de voyage pour : Amérique, apon, Canada, Brésil, Thaïlande, ... adapté aux apparails avec fiche Euro) Blanc', 'Hama Fiche de Voyage (pour la Chine/l´Australie, … Type F) Noir', nan]"
Consumer Electronics,Power/Electronics,Mobile Communication,Cables & Adapters,"[nan, 'Hama Rallonge allume-cigares ( pour voiture, pour allume-cigare, câble de 6 m, adapté aux 12-24 V, pour voiture/camion/véhicule de loisirs/caravanes, fusible de 8 A maximum) Noir']"
Consumer Electronics,Power/Electronics,Mobile Communication,Energy,"[nan, nan, 'Hama 2 Accus (LR03, 700 mAh, rechargeables, 2 piles NiMH, 1,2 V, adapté aux téléphones sans fil) Vert/Blanc']"
Consumer Electronics,Remote Controls,Consumer Electronics,Remote Controls,"['Hama Télécommande universelle ""Smart TV"" 4 en 1 (Contrôle 4 Appareils Préprogrammés, TV/DVD/STB/VCR, Télécommande de Remplacement pour Télécommande MultiFonction IR) Noir', 'Hama Support de télécommande Major (pour 4 télécommandes au maximum, également pour rangement de lunettes, smartphones, contrôleurs, clés USB, porte-télécommande) Noir', 'Hama Support pour télécommande ""Agent"" (porte-télécommande, rotatif, 5 compartiments pour télécommandes, téléphones, lunettes, stylos, organisateur pour bureau, rangement) Noir']"
Consumer Electronics,Remote Controls,Sound & Vision,Remotes,"['Hama Support Télécommande TV Commander (porte-télécommande TV Chaine Hifi DVD Blue-Ray, 3 grands compartiments, Boite de Rangement organiseur lunettes, smartphones, contrôleurs) Noir', 'Hama Télécommande Universelle 2 en 1 ""Big Zapper', 'Hama Support de télécommande Major (pour 4 télécommandes au maximum, également pour rangement de lunettes, smartphones, contrôleurs, clés USB, porte-télécommande) Noir']"
Consumer Electronics,Smart Home,Consumer Electronics,Smart Home,"['Hama ""Smart Hub"" passerelle WiFi connectée (Matter, Zigbee, Thread, compatible commande vocale Alexa, Google Assitant et Apple Siri), blanche', 'Hama Prise Connectée Etanche Matter (IP44, Prise Wifi Alexa Google, App Control, Aucun Hub requis, Prise Exterieure Etanche connectée Programmable) Noir', 'Hama Tête Thermostatique Connectée et Intelligente WiFi (pour Kit de Chauffage Connecté 00176592 Compatible Alexa Google Home, Robinet Intelligent pour Radiateur à Eau Chaude) Blanc']"
Consumer Electronics,Smart Home,Home & Outdoor,Housing Technology,"[nan, 'Hama Station Météo sans Fil Connectée WiFi + Capteur (Comptabile Alexa/Siri/Google Assist., Smart Home App, Thermomètre Hygromètre Baromètre, Reveil, Ecran Retro Eclairé) Noir']"
Consumer Electronics,Smart Home,Home & Outdoor,Smart Home,"['Hama Tête Thermostatique Connectée et Intelligente WiFi (pour Kit de Chauffage Connecté 00176592 Compatible Alexa Google Home, Robinet Intelligent pour Radiateur à Eau Chaude) Blanc', 'Hama Prise connectée wifi ""Mini"" (Prise intelligente 16A, 3680W, Compteur de consommation en temps réel, compatible Alexa, Google Home, Commande vocale, automatisations faciles) Blanc', ""Hama Contact de Porte/fenêtre WiFi (WLAN, sans concentrateur, Contact magnétique, Notification d'alarme sur téléphone Mobile, Compatible IFTTT/Alexa/Google Home, 2,4 GHz, sur Batterie, A +) Blanc""]"
Consumer Electronics,Storage,Consumer Electronics,Storage,"['Hama Cassette de Nettoyage VHS pour MAGNETOSCOPE (Nettoyeur de tête vidéo lecteurs VHS/S-VHS/VHS-C/S-VHS-C, Liquide de Nettoyage Inclus, Nettoyant de Têtes Vidéo - K7 Nettoyage VHS) Noir', 'Hama Boîtier Slim (pour CD et disques Blu-ray, ultra mince, avec une feuille pour la couverture, lot de 25) Transparent/Bleu/Orange/Vert/Rouge/Violet', 'Hama Boîtier Slim (pour DVD, Convient également aux CD et disques Blu-Ray, Ultra Mince, avec Une Feuille pour la Couverture, Lot de 25) Noir/Transparent']"
Consumer Electronics,Storage,IT & Office,Media Storage & Organization,"['Hama Pochettes de Protection (en Papier pour CD/DVD/Blu-Ray, verrouillables, Lot de 100) Blanc/Transparent', 'Hama Rack (pour CD, pour 20 boîtiers CD) Gris', 'Hama Feuillets pour CD (avec 60 fiches pour étiquetage, archivage, 10 étuis pour 6 CD/DVD/Blu-Ray, adaptés aux dossiers A4, Format A4, pour Le Rangement) Transparent']"
Consumer Electronics,Storage,Sound & Vision,Bags & Covers,"['Hama Etui pour Lecteur et CD (pour Lecteur CD, pour Discman, 3 CD, avec Sortie de câble et Boucle de Ceinture) Noir/Bleu']"
Consumer Electronics,Storage,Sound & Vision,Media Storage & Organization,"['Hama Pochette ""Up To Fashion"" (pour 48 disques, CD/DVD/Blu-ray/livres audio, étui de rangement, gain de place pour la voiture, la maison, avec motif du diable) Rouge', 'Hama Rack de bureau ""Nexus"" (pour 20 boîtiers de CD, support de CD pour le bureau ou les enfants, support de CD de haute qualité) Argent', 'Hama Boîtier Slim (pour CD et disques Blu-ray, ultra mince, avec une feuille pour la couverture, lot de 25) Transparent/Bleu/Orange/Vert/Rouge/Violet']"
Consumer Electronics,Storage,Sound & Vision,Protection & Care,"['Hama Blu-Ray de Nettoyage (pour tête de Lecture, pour éliminer la poussière dans Les lecteurs de Blu-Ray, Blu-Ray de Nettoyage) Blanc/Bleu/Rouge', 'Hama Kit de Nettoyage pour disques Vinyles (Nettoyage et Entretien de Disque Vinyle, Solution Spray pour Vinyl et Brosse de Nettoyage) Noir', 'Chiffon de nettoyage universel, 20 x 20 cm, jaune']"
Consumer Electronics,Storage,Sound & Vision,Turntable  Accessories,"['Hama Mallette (LP 50, Aspect alu, en Aluminium, pour Stocker 50 disques, verrouillable, Boîte de Rangement pour Vinyle, boîtier pour Disque) Noire', 'Hama Cadre pour Vinyles (pour Pochette de 33 Tours, Aluminium, 31,5 x 31,5 cm) Noir', 'Hama Brosse en fibre carbone pour vos vinyles (nettoyage antistatique des vinyles, brosse pour disques vinyles), noir / argent']"
Consumer Electronics,Wall Brackets,Consumer Electronics,Wall Brackets,"['Hama Plateau Universel Hama Rond (40 cm, Taille XL, Poids supporté 100 kg (idéal pour TV, Enceintes, écrans, appareils de Cuisine) Noir', 'Hama Plateau Universel Hama Rond (32 cm, Taille L, Poids supporté 80 kg (idéal pour TV, Enceintes, écrans, appareils de Cuisine) Noir', 'Hama Support Plafond (pour Diagonale d\'écran de 81 à 165cm (32"" à 65""), pour Un Maximum de 50 kg, VESA jusqu\'à 400 x 400) Noir']"
Consumer Electronics,Wall Brackets,Sound & Vision,Holders & Mounting,"['Hama Support Mural TV, Noir, 84 Pouces', 'Hama Support Mural TV (pour Une Une Diagonale d’écran de 81 à 165 cm (32"" à 65""), 2 Bras, ultralong, VESA jusq\'à 400x400) Noir', 'Hama Support Mural Full Motion pour TV écran Entre 81 cm et 165 cm (32"" à 65""), pivotable à 180 degrés, VESA 400 x 400, jusqu\'à 35 kg de Charge supportée, Noir']"
Consumer Electronics,Wearables,Consumer Electronics,Wearables,"[""Hama Montre connectée Fit Watch 4900 étanche avec Protection IP68 pour la résistance à l'eau (6 Jours d'autonomie, podomètre, Tracker de fréquence Cardiaque et Mesure des dépenses de Calories) Bleu"", ""Hama Montre connectée Fit Watch 5910 étanche avec Protection IP68 et GPS intégré (6 Jours d'autonomie, podomètre Marche, Mesure de la fréquence Cardiaque et des dépenses de Calories) Rose"", 'Hama Montre Connectée Fit Watch 4910 (Montre Sport, Etanche IP68, Montre Fitness 15 Sports Fréq. Cardiaque Oxymètre Podomètre Compatible Google Fit Apple Health Strava) Gris']"
Consumer Electronics,Wearables,Mobile Communication,Personal Care & Health,"['Hama Montre Connectée Femme Fit Watch 4910 (Montre Sport, Etanche IP68, Ecran Tactile 1,09"", Montre Fitness 15 Sports Fréq. Cardiaque Oxymètre Podomètre Compatible Google Fit Apple Health Strava) Rose', ""Hama Montre connectée Fit Watch 5910 pour Femme étanche avec Protection IP68 et GPS intégré (6 Jours d'autonomie, podomètre Marche, Mesure de la fréquence Cardiaque et des dépenses de Calories) Noir"", ""Hama Montre connectée Fit Watch 5910 étanche avec Protection IP68 et GPS intégré (6 Jours d'autonomie, podomètre Marche, Mesure de la fréquence Cardiaque et des dépenses de Calories) Rose""]"
Distribution Brand,EzeeTabs,Distribution Brand,EzeeTabs,"[nan, nan, nan]"
Distribution Brand,EzeeTabs,Home & Outdoor,Protection & Care,"[nan, nan, nan]"
Distribution Brand,Rapoo,Distribution Brand,Rapoo,"['Rapoo Clavier et Souris sans Fil X 1800s"" (Pack Kit Clavier Souris sans Fil 2.4GHz, Dongle Nano USB, Autonomie 12mois, Souris Optique 1000DPI, Clavier AZERTY FR, Pavé Numérique, pour PC, Laptop) Noir', 'Rapoo Souris optique sans fil Multi mode 2,4GHz/BT 3.0/BT 4.0 ""M300"" (bluetooth, souris d\'ordinateur, design, avec boutons et molette de défilement) Gris foncé', 'Rapoo Clavier multimédia USB Filaire ""N2400"" (filaire, clavier d\'ordinateur AZERTY, design, idéal pour les maladroits) Noir']"
Distribution Brand,Rapoo,IT & Office,IT Essentials,"['Rapoo Clavier multimédia USB Filaire ""N2400"" (filaire, clavier d\'ordinateur AZERTY, design, idéal pour les maladroits) Noir', 'Rapoo Souris laser sans fil Multi-Mode ""MT750s"" (bluetooth, souris d\'ordinateur, design, avec boutons et molette de défilement) Noir', 'Rapoo Clavier Souris sans Fil Multi-Mode Rechargeable Blade 9700M (Pack Kit Clavier et Souris, Clavier Rechargeable 99 Touches AZERTY, Souris 5 Boutons autonomie 12 Mois, Idéal PC Laptop) Blanc']"
Gaming,Console Gaming,Gaming,Console Gaming,"[""Hama Lot de Protections de joysticks 8 en 1' pour Nintendo Switch, muticol."", nan, nan]"
Gaming,Console Gaming,IT & Office,Cables & Adapters,"[nan, 'Hama Convertisseur de souris/clavier (SpeedShot Ultimate, compatible avec Xbox One X, PlayStation 4 / SLIM / PRO, Xbox One, PlayStation 3, Xbox 360) Noir/Bleu']"
Gaming,Console Gaming,IT & Office,Energy,"[nan, nan, 'Hama Câble de charge pour manette ""Basic"" (pour PS4, 1,50 m, câble extra-long, connexion microUSB) Noir']"
Gaming,Console Gaming,IT & Office,Gaming Essentials,"['Lot de Protections de joysticks 8 en 1"" pour Nintendo Switch, Noires', ""Hama Lot de Protections de joysticks 8 en 1' pour Nintendo Switch, muticol."", 'Hama Volant XXL pour Nintendo Switch (diamètre 15,50 cm, connecteur bluetooth, affichage du joueur par LED, 2 pièces) Noir']"
Gaming,Console Gaming,IT & Office,Headsets & Speakers,[nan]
Gaming,PC-Gaming,Gaming,PC-Gaming,"['uRage Enceinte PC Gamer LED RVB/RGB Blast-R 200"" (Haut Parleur Ordinateur PC, 5W, Système Dynamique d’Enceinte Gaming Lumineux, Alimentation USB, Jack 3.52mm)', 'uRage Souris Gaming RGB Reaper 250"" (Gaming Mouse Lumière LED, Ultra légère, droitier, 6 Boutons programmables, 6 200 dpi, capteur Optique, Logiciel, câble détachable 2m) Noir', ""uRage Microphone à Condensateur de streaming USB avec bras (Micro Cardioïde d'Enregistrement Studio Conversation YouTube Voix-off, Ordinateur Bureau ou PC Portable, câble 2.5m, 20Hz-16kHz, 2200Ω) Noir""]"
Gaming,PC-Gaming,IT & Office,Bags & Covers,[nan]
Gaming,PC-Gaming,IT & Office,Gaming Essentials,"['uRage Microphone Gaming pour PC Stream 410 HD (Mircophone à Condensateur, Micro Streaming Plug&Play/USB-C/Bouton Mute/Filtre Anti-Pop/Rétroéclairage LED) Noir', ""uRage Microphone à Condensateur de streaming USB avec bras (Micro Cardioïde d'Enregistrement Studio Conversation YouTube Voix-off, Ordinateur Bureau ou PC Portable, câble 2.5m, 20Hz-16kHz, 2200Ω) Noir"", nan]"
Home & Office,Bulbs/Lamps,Home & Office,Bulbs/Lamps,"[nan, nan]"
Home & Office,Bulbs/Lamps,Home & Outdoor,Housing Technology,"[nan, nan]"
Home & Office,"Clocks, Alarms, Weather Stations",Home & Office,"Clocks, Alarms, Weather Stations","['Hama Station météo sans fil interieur exterieur Meteotime (centre de prévision météorologique, Horloge radio pilotée DCF, Sonde sans fil, Thermomètre, Hygromètre, Alarme, Reveil, rétro éclairage) noir', 'Hama Horloge Murale Numérique Jumbo (Radio-pilotée DCF, Très Grand Format d’Affichage, Affichage XL Heure-Date-température int.-humidité, à Suspendre ou Poser) Noir', 'Hama Horloge Murale PP-245 (Radio-pilotée DCF, Pendule sans tic tac, numérique, à LED, sans Fil, avec Piles, Format 24h, Calendrier, Jour, thermomètre 0°C à -50°C, Pause Murale ou Bureau) Noir']"
Home & Office,"Clocks, Alarms, Weather Stations",Home & Outdoor,Housing Technology,"['Hama Elegance Horloge Murale à Quartz Cercle Gris, Argent - Horloges murales (AA Mignon, Gris, Argent, Plastique, Verre, 45 mm, 495 g)', 'Hama - WETTERSTATION - Weather Station', 'Hama Horloge à pile blanche']"
Home & Office,Diverse,Home & Office,Diversee,"['Xavax - 111945 - Adaptateur pour valve de radiateur avec filetage M28 x 1,5mm', 'Dispositif de Fixation à Pince pour multiprise', 'Hama Bras Support écran PC \'00118493\' (Bras pivotant et Extensible pour Ecran Moniteur PC 33-89 cm /13""-35"", Hauteur réglable, Inclinable, Système Easy Fix) Noir']"
Home & Office,Diverse,Home & Outdoor,Household Essentials,"['Xavax - 111945 - Adaptateur pour valve de radiateur avec filetage M28 x 1,5mm']"
Home & Office,Diverse,Home & Outdoor,Safety & Security,[nan]
Home & Office,Diverse,IT & Office,Holders & Attachments,"['Hama Support ""X"" à roulettes (pour Les Tours PC Les Plus Populaires, jusqu\'à 25,5 cm de Large) Noir', 'Hama Support écran PC \'00118489\' (Bras Support d\'Ecran Moniteur PC 33-81 cm /13""-32"", Hauteur réglable, Pivotant, Inclinable, Système Easy Fix) Noir', 'Dispositif de Fixation à Pince pour multiprise']"
Home & Office,Domestic Appliance,Home & Office,Domestic Appliance,"['Xavax Socle universel ""Gigant"" (60 x 60 cm, augmentation de 50 cm, socle stable avec compartiment inférieur, pieds réglables en hauteur, socle pour lave-linge/sèche-linge) Blanc', 'Xavax Socle universel (60 x 60 cm, augmentation de 40 cm, socle stable avec compartiment inférieur, pieds réglables en hauteur, socle pour lave-linge/sèche-linge) Blanc', 'Xavax Socle machine à laver avec étagère (Support Sèche Linge Lave Linge,Réhausseur de Machines, Base universelle avec Pieds Réglables en hauteur, charge 150 kg) Blanc']"
Home & Office,Domestic Appliance,Home & Outdoor,Holders & Attachments,"['Xavax Support mural pour micro-ondes (porte micro-onde, 27 x 47 x 5 cm) Blanc', 'Xavax Support mural pour micro-ondes (porte micro-onde, 27 x 47 x 5 cm) Argent', nan]"
Home & Office,Domestic Appliance,Home & Outdoor,Household Essentials,"['Xavax Tuyau d\'Arrivée d\'Eau Froide 2.5m (Tuyau Universel pour Lave Vaisselle, Lave-Linge, Connexion 3/4""(1,91 cm) Droit/Coudé Angle 90°) Gris', 'Xavax Réducteur de diamètre (pour hottes aspirantes de 150 mm sur 125 mm) Blanc', 'Xavax Filtre combiné universel pour friteuses (2 filtres à graisse et à charbon actif pour friteuses, filtre combiné universel, coupe individuelle, 33 x 29,6 cm) Noir/Blanc/Gris']"
Home & Office,Domestic Appliance,Home & Outdoor,Housing Technology,[nan]
Home & Office,Domestic Appliance,Home & Outdoor,Protection & Care,"['Xavax Socle universel ""Gigant"" (60 x 60 cm, augmentation de 50 cm, socle stable avec compartiment inférieur, pieds réglables en hauteur, socle pour lave-linge/sèche-linge) Blanc', 'Xavax Thermomètre analogique pour réfrigérateur, freezer ou congélateur (à suspendre au réfrigérateur, congélateur, cave à vin, minibar, minimum -30 degrés, maximum 50 degrés, format rond) Blanc', 'Xavax Socle machine à laver avec étagère (Support Sèche Linge Lave Linge,Réhausseur de Machines, Base universelle avec Pieds Réglables en hauteur, charge 150 kg) Blanc']"
Home & Office,Housewares,Home & Office,Housewares,"['Xavax Hama Boîte de transport pour un gâteau (boîte rond, Ø 31,5 x 8cm, avec diviseur, capote et compartiments, partie de service et gâteau de gâteau) Anthracite/Transparent', 'Xavax Mousseur à lait ""Milchicopter"" (Batteur à lait en acier, moteur très puissant à 14 000 tours/minute, spirale spéciale, nettoyage facile, mousseur à lait, balai Matcha) Noir', ""Xavax Égouttoir Porte Bouteilles (Support d'égouttage jusqu'à 6 Bouteilles, Pots, biberons Verres Tasses ou Mugs, Egouttoir Compact et Design, idéal sodastream, air-up, Avent, Philips) Noir""]"
Home & Office,Housewares,Home & Outdoor,Household Essentials,"['Xavax Hama Boîte de transport pour un gâteau (boîte rond, Ø 31,5 x 8cm, avec diviseur, capote et compartiments, partie de service et gâteau de gâteau) Anthracite/Transparent', 'Xavax Mousseur à lait ""Milchicopter"" (Batteur à lait en acier, moteur très puissant à 14 000 tours/minute, spirale spéciale, nettoyage facile, mousseur à lait, balai Matcha) Noir', 'Xavax Filtre permanent pour machine à café et thé (Ø 12 cm, hauteur 10 cm, maillage en acier inoxydable, réutilisable, va au lave-vaisselle, rechange pour taille 4) Noir']"
Home & Office,Housewares,Home & Outdoor,Protection & Care,[nan]
Home & Office,Maintenance & Care Household,Home & Office,Maintenance & Care Household,"['Xavax Graisse silicone multiple ""OKS 1110"" (pour l\'entretien des machines à café, des raccords et des joints d\'étanchéité, sans danger pour les aliments, transparent, 20 g) Blanc/Bleu', nan]"
Home & Office,Maintenance & Care Household,Home & Outdoor,Household Essentials,"['Xavax Graisse silicone multiple ""OKS 1110"" (pour l\'entretien des machines à café, des raccords et des joints d\'étanchéité, sans danger pour les aliments, transparent, 20 g) Blanc/Bleu']"
Home & Office,Maintenance & Care Household,Home & Outdoor,Protection & Care,[nan]
Home & Office,Maintenance & Care Office,Home & Office,Maintenance & Care Office,"['Chiffons pour écrans, 100 pièces, dans un distributeur', 'Hama Gel de nettoyage (pour écran LCD / TFT avec chiffon en microfibre, 200 ml) Gris/Bleu', 'Couvercle Pare-poussière pour Clavier, Transparent']"
Home & Office,Maintenance & Care Office,IT & Office,IT Essentials,"['Hama Chiffon 3 en 1 (pour ordinateur portable avec écran de 40 cm (15,6""), tapis de souris, en microfibre, film de protection, chiffon de nettoyage) Anthracite']"
Home & Office,Maintenance & Care Office,IT & Office,Protection & Care,"['Chiffons pour écrans, 100 pièces, dans un distributeur', 'Couvercle Pare-poussière pour Clavier, Transparent', 'Hama Gel de nettoyage (pour écran LCD / TFT avec chiffon en microfibre, 200 ml) Gris/Bleu']"
Home & Office,Shredders & Lamination,Home & Office,Shredders & Lamination,"[""Hama Destructeur de Documents Mini S6 (Broyeur Documents 6 Feuilles 80g, Destructeur Papier, Déchiqueteur sécurité P1, 72 DB, M/A Auto, Fonction Retour, s'adapte sur des Corbeilles à Papier) Noir"", 'Hama Destructeur de Documents Basic S6 (Broyeur de Documents, Sécurité P-2, 6 Feuilles, Corbeille 8L, Découpe en Bandes 6mm, 70 DB, M/A Auto, Idéal Bureau & Maison) Noir', 'Hama Destructeur de Documents Home X12CD (Broyeur Documents 12 Feuilles 80g, Destructeur CD/CB, Niveaux de sécurité E3 P4 T4, LED on/Off et surchauffe, 72 DB, M/A Auto, Corbeil 21L) Noir']"
Home & Office,Shredders & Lamination,IT & Office,Office Device,"['Hama Destructeur de Documents Basic S6 (Broyeur de Documents, Sécurité P-2, 6 Feuilles, Corbeille 8L, Découpe en Bandes 6mm, 70 DB, M/A Auto, Idéal Bureau & Maison) Noir', ""Hama Destructeur de Documents Mini S6 (Broyeur Documents 6 Feuilles 80g, Destructeur Papier, Déchiqueteur sécurité P1, 72 DB, M/A Auto, Fonction Retour, s'adapte sur des Corbeilles à Papier) Noir"", ""Hama Plastifieuse jusqu'à A3 (Plastifieuse à chaud/à froid, Kit de Plastification avec Feuilles Films Laminage Thermique ep. Max 80-125 Microns) Noir""]"
Home & Office,Small Domestic Appliance,Home & Office,Small Domestic Appliance,"['Xavax Minuteur à œuf (avec fonction minuterie, sablier, en acier inoxydable) Argent', 'Xavax Minuteur de cuisine ""Countdown"" (avec minuterie et fonction chronomètre, fixation via un aimant, une pince, un support ou un support, à piles, numérique) Noir/Blanc', ""Xavax Balance de Précision Numérique Jewel (Pèse usqu'à 500 g, jusqu'à 0,1 g, en g/ct/psl/oz/ozt/gn, pour l'Or, Les Pièces de Monnaie, Les Bijoux, Les Pierres précieuses, …) Noir/Argent""]"
Home & Office,Small Domestic Appliance,Home & Outdoor,Household Essentials,"['Xavax Minuteur à œuf (avec fonction minuterie, sablier, en acier inoxydable) Argent', 'Xavax Minuteur de cuisine ""Countdown"" (avec minuterie et fonction chronomètre, fixation via un aimant, une pince, un support ou un support, à piles, numérique) Noir/Blanc', 'Xavax Minuteur de cuisine Countdown (avec Minuterie et Fonction Chronomètre, Fixation via Un Aimant, Une Pince, Un Support ou Un Support, à Piles, numérique) Blanc/Gris']"
Home & Office,Small Domestic Appliance,Home & Outdoor,Safety & Security,"['Hama Détecteur Qualité de l’Air Intérieur Safe (Détecteur 3 en 1, Détecteur de CO², Température ambiante, Humidité de l’air, Compact, Rechargeable Micro-USB) Noir', nan]"
Home & Office,Travel & Bike,Home & Office,Travel & Bike,"['Hama Chambre à air de vélo (Taille de 26"", avec Valve Automatique, Schrader) Noir', ""Hama Sangle pour Bagages (Sangle simple pour la Fermeture Sécurisée de la Valise lors d'un Voyage, 5 x 200 cm) Noir"", 'Hama Pochette ""Pare-soleil"" (pour véhicule, pour 12 CD/DVD/Blu-Ray) Noir']"
Home & Office,Travel & Bike,Home & Outdoor,Bags & Covers,"[nan, nan]"
Home & Office,Travel & Bike,Home & Outdoor,Outdoor Essentials,"['Hama Chambre à air de vélo (Taille de 26"", avec Valve Automatique, Schrader) Noir', nan, nan]"
Home & Office,Travel & Bike,Home & Outdoor,Travel Essentials,"['Système de Rangement Universel pour Voiture, Grand modèle, Noir', ""Hama Cadenas à clé (pour bagage, casier de sport, pour l'école, lot de 2) Noir"", 'Porte-étiquette à bagage, lot de 2, noir']"
Home & Office,Travel & Bike,Mobile Communication,Bags & Covers,"['Hama Pochette ""Pare-soleil"" (pour véhicule, pour 12 CD/DVD/Blu-Ray) Noir', 'Etui pour véhicules, noir', nan]"
Home & Office,Travel & Bike,Mobile Communication,Gadgets,"['Gilet de sécurité ""Automotive"" pour enfant, jaune fluo', nan]"
Mobilcom,Black Rock,Mobilcom,Black Rock,"[""Black Rock Coque 'Air' (pour Apple iPhone 6S/7/8 Plus, protection parfaite, design mince, en polycarbonate, polyurethane termoplastique (PUT)) Noir"", 'Black Rock Coque pour iPhone 12/12 Pro Robust Real Carbon [Housse Technologie Active Air] [Coque Protection Moléculaire] - Noir', 'Black Rock Coque pour Samsung S24, Portefeuille The Classic [Housse de Protection avec Rangement pour Carte] [Etui à Rabat] - Noir']"
Mobilcom,Black Rock,Mobile Communication,Bags & Covers,"[""Black Rock Coque de protection 'Material Pure' (pour Samsung Galaxy S8, design mince, polyuréthane (PU), protection idéale, protection à 180° ou 360°) Noir"", ""Black Rock Coque 'Air Robust' (pour Apple iPhone 11, protection parfaite, design mince, en polycarbonate, polyurethane termoplastique (PUT)) Noir"", ""Black Rock Coque de protection '360° Clear' (pour Apple iPhone 11 Pro Max, protection parfaite, design mince, en plastique, Cover 360°) Transparent""]"
Mobilcom,Black Rock,Mobile Communication,Protection & Care,"[nan, nan]"
Mobilcom,Brackets,Mobilcom,Brackets,"['Hama Support Téléphone Voiture Easy Snap (pour Smartphones d’Une Largeur de 5,5 à 8,5 cm, Support à Ventouse, pivotable 360°) Noir', 'Hama Support Téléphone Voiture Compact (pour Smartphones Largeur de 5.5 à 8.5 cm, Fixation Clip Grille aération, pivotable 360°) Noir', 'Hama Support Téléphone Voiture Magnet (Support téléphone pour Voiture aimanté, Fixation à Ventouse, pivotable 360°, Inclus 2 plaques métaliques) Noir']"
Mobilcom,Brackets,Mobile Communication,Holders & Attachments,"['Hama Support Téléphone Voiture Magnet (Support téléphone pour Voiture aimanté, Fixation à Ventouse, pivotable 360°, Inclus 2 plaques métaliques) Noir', 'Hama Support Téléphone Voiture Magnet (Support téléphone Portable pour Voiture aimanté, pivotable 360°, Fixation Clip Grille Ventilation, Inclus 2 plaques métaliques) Noir', 'Hama Support Téléphone Voiture Compact (pour Smartphones Largeur de 5.5 à 8.5 cm, Fixation Clip Grille aération, pivotable 360°) Noir']"
Mobilcom,Cables,Mobilcom,Cables,"['Hama Câble Micro-USB Reflective (Câble de charge et transfert de données USB-A 2.0 mâle vers Micro-USB, Fiche Aluminium, Cordon Réflechissant Anti-torsion, Gaine en nylon tressé, 1.5 m) Bleu', 'Hama Câble Multi USB Lightning (Cable de charge multi, 3en1, USB-A/micro-USB/USB-C, Lightning, 1 m, Certifié MFI, Câble USB universel iPhones iPads iPods Samsung Galaxy, Huawei, Xiaomi) Blanc', 'Hama Câble Audio Auxiliaire Voiture pour iPhone (Câble Apple Lightning vers Jack 3.5 mm stéréo mâle, Certifié Mfi, Gaine Textile, Compatible iPhone 12/11/X/XS/XS/XR/8P Home/Autoradio-1M) Blanc']"
Mobilcom,Cables,Mobile Communication,Cables & Adapters,"['Hama Câble Chargeur iPhone Extreme (Câble Lightning-USB 2.0, Certifié MFI, Cordon Charge Rapide/Transfert données, Nylon Tressé, 1.5m, iPad/iPhone 13/12/11/XS/XR/X/8/7/7+/6s/6/5/SE2020) Noir/Rouge', ""Hama Adaptateur Lightning Apple vers Jack 3.5mm Femelle (Adaptateur Casque pour iPhone, certifié MFI, Convertisseur d'écouteurs pour iPhone 13/12/11/ XS Max/XS/XR/X/8 Plus/7 Plus/7) Blanc"", 'Hama Câble iPhone USB-A Lightning (Câble de charge/transfert de données/Data, USB-A 2.0 mâle vers Lightning, 1.5m, Certifié MFI, 480 MBit/s, iPad/iPhone 13/12/11/XS/XR/X/8/7/7+/6s/6/5/SE2020) Noir']"
Mobilcom,Display Protection,Mobilcom,Display Protection,"['Verre de protection pour Huawei P20 lite', 'Hama Verre de protection (Full-Screen, pour Samsung Galaxy S10) Noir/Transparent', ""Hama Verre trempé de protection pour Samsung Galaxy S22 Ultra (5G) Full Screen' (Dureté 9H, 0,3mm, verre de protection anti-choc, anti-rayures, anti-traces de doigts) Transparent""]"
Mobilcom,Display Protection,Mobile Communication,Protection & Care,"['Protection d’écran en verre véritable pour iPhone 6 Pl/6s Pl/7 Pl/8 Pl', 'Protection d’écran verre véritable pour Samsung XCover 4/4s', 'Hama Protection d\'écran en verre ""Premium Crystal Glass""(pour Samsung Galaxy A40, verre trempé, classe de protection 9, type de verre trempé 10H) Transparent']"
Mobilcom,Power Chargers,Mobilcom,Energy,"['Hama 100W Chargeur Rapide Compatible iPhone, Samsung, MacBook - [Technologie GaN, PD + QC 3.0] [Recharge Optimisée] [3 Ports USB] Blanc', 'Hama 65W Chargeur Rapide Compatible iPhone, Samsung, MacBook - [Technologie GaN, PD + QC 3.0] [Recharge Optimisée] [3 Ports] Blanc', 'Hama 45W Chargeur USB C Rapide Compatible iPhone, Samsung, MacBook - [Technologie GaN, PD + QC 3.0] [Recharge Optimisée] [1 Port USB C] Noir']"
Mobilcom,Power Chargers,Mobilcom,Power Chargers,"['Hama Chargeur Rapide 33W 4 Ports USB (Chargeur Qualcomm Quick Charge 3.0, Chargeur USB, Adaptateur Secteur Charge Rapide, 1 USB-A QC, 3 USB-A) Noir', 'Hama Chargeur Secteur USB (Bloc Secteur USB-A, 6W, 5V/ 1.2A, Adaptateur Secteur Universel, Chargeur Replacement pour c) Noir', 'Hama Chargeur Secteur USB (Bloc Secteur USB-A, 6W, 5V/ 1.2A, Adaptateur Secteur Universel, Chargeur Replacement pour iPhone 14/14 Pro Max, Samsung Galaxy, Sony, Xiaomi, Huawei, Wiko) Blanc']"
Mobilcom,Power Chargers,Mobile Communication,Energy,"['Hama Chargeur Rapide iPhone 38W (Chargeur USB-C Rapide, Chargeur Qualcomm Quick Charge 3.0, Mini Compact, Chargeur PD Secteur, 1 Port USB-C PD + 1 Port USB- A QC) Blanc', 'Hama Chargeur Rapide 25W (Chargeur USB-C Rapide, Chargeur Qualcomm® Quick Charge™ 2.0/3.0, Chargeur Mini Compact, Chargeur PD) Blanc', 'Hama Chargeur Rapide 51W 5 Ports USB (Chargeur Qualcomm Quick Charge 3.0, Chargeur USB C, Adaptateur Secteur, Charge Rapide, 1 USB-A QC, 1 USB-C PD, 3 USB-A) Noir']"
Mobilcom,Power Packs,Mobilcom,Power Packs,"['Hama Power Pack Slim 5HD (Batterie Externe 5 000 mAh, Batterie Portable Charge Rapide, USB 3.0, Power Bank Compatible avec iPhone 14 13 12 11 X Samsung Xiaomi Huawei iPad etc) Blanc', 'Hama Pocket 5 - Batterie Externe [Power Bank 5 000mAh] [Batterie Portable USB C Fast Charge], Compatible avec Les iPhones Samsung et Bien Plus - Gris Anthracite', 'Hama Color 10 - Batterie Externe [Power Bank 10 000mAh] [Batterie Portable USB C Fast Charge], Compatible avec iPhones Samsung et Bien Plus - Rouge']"
Mobilcom,Power Packs,Mobile Communication,Energy,"['Hama Power Bank 20000 mAh (Batterie Externe, 1 USB C + 2 USB A, Power Pack Fast Charge, Batterie pour Smartphone, Tablette, Haut-Parleur Bluetooth, Voyants LED, Chargeur Portable + Cable 0.25m) Gris', 'Hama Power Bank 24000 mAh (Batterie Externe, 1 USB C + 2 USB A, Power Pack Fast Charge, Batterie pour Smartphone, Tablette, Haut-Parleur Bluetooth, Voyants LED, Chargeur Portable + Cable 0.25m) Gris', 'Hama Power Pack Slim 5HD (Batterie Externe 5 000 mAh, Batterie Portable Charge Rapide, USB 3.0, Power Bank Compatible avec iPhone 14 13 12 11 X Samsung Xiaomi Huawei iPad etc) Blanc']"
Mobilcom,Smartphone Cases,Mobilcom,Smartphone Cases,"['Hama Coque pour iPhone 11 ""Daily Protect [Housse de Protection avec Rangement Carte] [Etui à Rabat] - Noir', 'Hama Coque pour iPhone 15 ""Extreme Protect [Housse Anti-jaunissement] [Etui D3O®] [Coque Robuste] - Transparent', ""Hama Coque pour l'iPhone 15 Pro Extreme Protect [Housse Anti-jaunissement] [Etui D3O®] [Coque Robuste] [Compatible MagSafe] - Transparent""]"
Mobilcom,Smartphone Cases,Mobile Communication,Bags & Covers,"['Hama Coque iPhone 12/12 Pro Compatible MagSafe MagCase Finest Sense pour Apple (Etui magnétique pr Recharge à Induction, protège des Chocs Rayures & saletés, Housse élégante, Cuir synthétique) Noir', 'Hama Coque iPhone 13 Pro Max Étui Portefeuille Slim Pro pour Apple, Noir', 'Hama Coque iPhone 12 Pro Max Étui Portefeuille Slim Pro pour Apple, Noir']"
Mobilcom,Wireless Charging,Mobilcom,Wireless Charging,"['Hama Support Telephone Voiture Induction 10W FC10 Motion (QI-Charge, Chargeur Induction Voiture sans Fil, Ultra Rapide) Argenté/Noir', 'Souris Optique sans Fil Multi-Mode MT-350 Noir', 'Hama Chargeur à Induction 2000 mA QI-FC10 Set 188322 Sortie Standard de Charge à Induction Noir']"
Mobilcom,Wireless Charging,Mobile Communication,Energy,"['Hama Support Telephone Voiture Induction 10W FC10 Motion (QI-Charge, Chargeur Induction Voiture sans Fil, Ultra Rapide) Argenté/Noir', nan, nan]"
Photo & Accessories,Bags,Imaging & Optics,Bags & Covers,"['Hama Sac pour appareil photo ""Pittsburgh"", 170, noir', 'Hama Sac Photo Fancy Neopren Quad, 70E, Noir', 'Sac à dos de caméra/appareil photo ""Miami"", 150, noir/rouge']"
Photo & Accessories,Bags,Photo & Accessories,Bags,"['Hama Trolley pour caméra/Appareil Photo Miami (conçu spécialement pour Les photographes Amateurs et Professionnels, Taille du Trolley de 27 cm x 12 cm x 37 cm, 2,9 kg) Noir/Rouge', 'Hama Etui de protection photo/vidéo semi-rigide ""Colour Style"" (60L, EVA, sacoche avec coque, anti-choc, pour le voyage, appareil petit format, ultra-compact, compact, MP3, MP4, iPod) Noir', 'Sac à dos de caméra/appareil photo ""Miami"", 150, noir/rouge']"
Photo & Accessories,Card Reader,Imaging & Optics,IT Essentials,"['Hama 00124156 Lecteur de Cartes 3 en 1 USB 3.0, Noir', 'Hama USB3.0 Lecteur de Carte SD/microSD, Anthracite', 'Hama Lecteur USB 2.0 ""35en1"" (USB, lecteur cartes multiples, Lecteur de carte SD, SDHC, SDXC, Type I / II CF, MMC) Bleu']"
Photo & Accessories,Card Reader,Storage Media,Photo & Camera,"['Hama Lecteur USB 2.0 ""35en1"" (USB, lecteur cartes multiples, Lecteur de carte SD, SDHC, SDXC, Type I / II CF, MMC) Bleu', 'Hama 00124156 Lecteur de Cartes 3 en 1 USB 3.0, Noir', 'Hama USB3.0 Lecteur de Carte SD/microSD, Anthracite']"
Photo & Accessories,New Photo & Stative,Imaging & Optics,Camera Equipment,"['Tige pour Selfie Funstand 57"", avec déclench. à dist. Bluetooth, Noir', 'Hama Déclencheur à Distance Bluetooth BRS3 (Télécommande Bluetooth pour Appareil Photo de Smartphone et Tablette, portée 10m, idéal Selfies créatifs sur Instagram, TikTok, Youtube, Facebook) Noir', 'Perche à Selfies Fun 70"", Bluetooth, Noir']"
Photo & Accessories,New Photo & Stative,Imaging & Optics,Holders & Attachments,"['Hama Trépied Appareil Photo Vidéo 106.5cm Star 5"" avec Sac de Transport (Trépied Télescopique Aluminium 4 éléments, Tête 3 Voies 3D, Niveaux à Bulles intégrés, Attache Rapide) Beige', 'Hama Mini Trépied de Table Pocket II Rotation (trépied avec Support Smartphone iPhone/Samsung/GoPro, Rotatif, inclinable Paysage Portrait, idéal Voyage, Pas de vis de 1/4"") Noir', 'Hama Monopode Star 78 Mono (unidirectionnel léger à tête à Trois Voies, 61-176 cm, 3D) Champagne']"
Photo & Accessories,New Photo & Stative,Imaging & Optics,Mobile Essentials,"['Hama Ring Light LED avec Trépied 12"" 215cm \'Spotlight Steady 120 II\' (Selfie Anneau Lumineux, Lampe annulaire Réglable pour TIKtok/Youtube/Live Stream/Maquillage) Noir', ""Hama Ring Light LED avec Trépied extensible et Support Smartphone (Anneau Lumineux Selfie 26.5cm, télécommande Bluetooth, 10 niveaux d'intensité, Idéal TikTok/Youtube/Live Stream/Maquillage) Noir"", ""Hama Lampe annulaire Ringlight LED 'SpotLight Work Area 67' (pour Smartphone/Tablette, support lumineux, idéal pour les vlogers, tiktok, instagram, facebook, Youtube) Noir""]"
Photo & Accessories,New Photo & Stative,Photo & Accessories,New Photo & Stative,"['Hama Trépied Appareil Photo Vidéo 106.5cm Star 5"" avec Sac de Transport (Trépied Télescopique Aluminium 4 éléments, Tête 3 Voies 3D, Niveaux à Bulles intégrés, Attache Rapide) Beige', 'Hama Mini Trépied de Table Pocket II Rotation (trépied avec Support Smartphone iPhone/Samsung/GoPro, Rotatif, inclinable Paysage Portrait, idéal Voyage, Pas de vis de 1/4"") Noir', 'Hama Bras articulé de Telephone (Support articulé, Bras Flexible Smartphone Webcam Mirco Tablette eclairage annulaire, Support Universel Inclus, Fixation de Table à vis, Filetage 1/4"", 70cm Max) Noir']"
Photo & Accessories,Optics & Cleaning,Imaging & Optics,Bags & Covers,[nan]
Photo & Accessories,Optics & Cleaning,Imaging & Optics,Camera Equipment,"[""Hama Filtre UV (Anti-UV et Protection, Compensation 2X, Traitement antireflet, pour objectifs d'appareils Photo 52 mm, O-Haze, traité) Noir"", 'Hama Filtre polarisant (Circulaire, Traité, 72mm, 2 Couches par Face) Noir', 'Adaptateur d’Objectif pr app. Photo avec Monture C sur Object. Nikon']"
Photo & Accessories,Optics & Cleaning,Imaging & Optics,Optical Instruments,"['Hama Loupe de Lecture à LED Basic 90 LED (1 unité, grossissement x4, diamètre de 90 mm, Taille de 94 mm x 202 mm x 16 mm) Noir/Transparent', nan, nan]"
Photo & Accessories,Optics & Cleaning,Imaging & Optics,Protection & Care,"['Hama Kit de Nettoyage d\'Appareil Photo 4 en 1 ""Optic Dry (Kit de Nettoyage à Sec avec Stylo Lenspen + Chiffon Microfibre + Poire, pour Objectif Photo, Filtre, APN, Caméra Reflex, Jumelle, écran)', 'Hama Pinceau de Nettoyage pour Objectif (Lenspen) (pour Le Nettoyage des lentilles et des filtres, 12,5 cm de Long, Lenspen) Noir/Rouge', 'Hama Chiffon Antistatique Antipoussière (Chiffon de Nettoyage pour Lunettes ou Appareil Photo, Objectif, Filtre, écrans PC Smartphone ou Tablette, négatifs, Diapositives, Jumelles, 23 x 25 cm) Orange']"
Photo & Accessories,Optics & Cleaning,Photo & Accessories,Optics & Cleaning,"['Hama Kit de Nettoyage d\'Appareil Photo 4 en 1 ""Optic Dry (Kit de Nettoyage à Sec avec Stylo Lenspen + Chiffon Microfibre + Poire, pour Objectif Photo, Filtre, APN, Caméra Reflex, Jumelle, écran)', ""Hama Filtre UV (Anti-UV et Protection, Compensation 2X, Traitement antireflet, pour objectifs d'appareils Photo 52 mm, O-Haze, traité) Noir"", 'Hama Pinceau de Nettoyage pour Objectif (Lenspen) (pour Le Nettoyage des lentilles et des filtres, 12,5 cm de Long, Lenspen) Noir/Rouge']"
Photo & Accessories,Power & Kabel,Imaging & Optics,Energy,[nan]
Photo & Accessories,Power & Kabel,Photo & Accessories,Power & Cables,[nan]
Photo & Accessories,Studio & Diverse,IT & Office,Bags & Covers,"['Etui Fashion pour Sticks USB, Noir', 'Etui ""Vegas"" pour 5 clés USB, noir']"
Photo & Accessories,Studio & Diverse,Imaging & Optics,Bags & Covers,"['Hama Boîtier de Rangement Mince (pour Carte mémoires, pour 10 Cartes (Cartes CF/SM/SD/MMC/xD/Mstick)) Transparent/Noir', 'Hama Pochettes autoadhésives (pour cartes mémoire, pour cartes SD, paquet de 5, autocollantes) Blanc/Transparent', 'Coque de Protection Crystal Clear pr Samsung Galaxy S20, transpar.']"
Photo & Accessories,Studio & Diverse,Imaging & Optics,Cables & Adapters,"['Hama Adaptateur Cassette VHS-C/VHS (Convertisseur Vidéo VHS C vers VHS, Cassette Adaptatrice Motorisée pour magnétoscope, 6 Mm, Non Compatible 8mm/MiniDV/Hi8) Noir']"
Photo & Accessories,Studio & Diverse,Imaging & Optics,Camera Equipment,"['Hama Déclencheur Souple Appareil Photo (Déclencheur Souple Mécanique 40cm pour Appareils Fujifilm, Leica Canon Nikon Sony, Déclencheur à Filetage Femelle, Fonction Pause) Noir', 'Hama Support de Casque (Frontal, pour GoPro) Noir', 'Hama Barrette porte-flash coudée à 90° (pliable pour appareils photo / vidéo avec vis de trépied, avec poignée et boucle, 34 mm x 190 mm) Noir']"
Photo & Accessories,Studio & Diverse,Imaging & Optics,Holders & Attachments,"[nan, nan, nan]"
Photo & Accessories,Studio & Diverse,Imaging & Optics,Projection & Editing,"['Hama Adhésif Cinekett (pour films Super 8, 100 pièces, S8, 1 piste audio libre) Blanc/Rouge', 'Visionneuse LED, grossissement Triple', 'Hama Valise pour diapos/négatifs (avec paniers, pour 300 diapositives ou négatifs) Noir/Gris']"
Photo & Accessories,Studio & Diverse,Photo & Accessories,Studio & Diverse,"['Hama Adaptateur Cassette VHS-C/VHS (Convertisseur Vidéo VHS C vers VHS, Cassette Adaptatrice Motorisée pour magnétoscope, 6 Mm, Non Compatible 8mm/MiniDV/Hi8) Noir', 'Hama Adhésif Cinekett (pour films Super 8, 100 pièces, S8, 1 piste audio libre) Blanc/Rouge', 'Etui Fashion pour Sticks USB, Noir']"
Picture World,Album,-,-,[nan]
Picture World,Album,Imaging & Optics,Albums & Accessories,"['Hama Album photo minimax ""Designline"" (album de 13 x 16,5 cm, insertion par le haut de 100 photos format 10 x 15 cm, 100 pages (1 photo/page), pas d\'inscription) Feathers', 'Album photo ""Ayleen"", pour 200 photos au format 10 x 15 cm', 'Hama Album Photo Jumbo ""Fine Art"" (Album 30x30cm, 50 feuilles/100 pages blanches, pour coller 400 Photos de 10x15 cm, Look livre sans spirale, Couverture personnalisable, Idée cadeau) Noir']"
Picture World,Album,Picture World,Album,"['Hama Album photo enfant ""Batzi"" (taille de l\'album de 19 x 25 cm, format pour 200 photos 10 x 15 cm, avec 100 pages, papier stratifié, insertion latérale des photos, ours debout) Marron', 'Hama Album Photo ""Fine Art"" (format 30 x 30 cm, 100 pages noires, sans spirale) Noir', 'Hama Album photo enfant ""Batzi"" (taille de l\'album de 19 x 25 cm, format pour 200 photos 10 x 15 cm, avec 100 pages, papier stratifié, insertion latérale des photos, ours assis) Marron']"
Picture World,Picture Frames,IT & Office,Office Device,"['Hama Coupeuse à molette ""Easy Cut R 320"" (Massicot, 5 mm, 32 cm, 0,5 mm) Noir/Argent', nan, 'Hama Coupeuse à levier ""ProCut S 330 Plus"" (Massicot, 10 feuilles, 3,3 cm) Noir/Argent']"
Picture World,Picture Frames,Imaging & Optics,Gadgets,"[nan, nan, 'Hama Cadre Acrylique Amore, 10 x 15 cm']"
Picture World,Picture Frames,Imaging & Optics,Picture Frames & Accessories,"['Hama Cadre photo en plastique ""Décor Sevilla"" (taille du Cadre de 30 x 45 cm avec bordure de 9 mm x 17 mm, pour une photo de 20 x 30 cm) Or Mat', 'Hama Pêle-mêle cadres photo portr., 1 10x15cm, 1 10x10cm, 1 9x10cm', 'Hama Cadre photo en plastique ""Sevilla"" (taille du Cadre de 50 x 70 cm avec bordure de 13 mm x 20 mm, pour une photo de 30 x 45 cm) Bleu']"
Picture World,Picture Frames,Picture World,Picture Frames,"['Hama Cadre photo en plastique Sevilla (taille du Cadre de 21 x 29,7 cm (DIN 4) avec bordure de 9 mm x 17 mm, pour une photo de 15 x 20 cm) Noir', 'Hama Cadre photo en plastique Sevilla (taille du Cadre de 29,7 x 42 cm (DIN A3) avec bordure de 9 mm x 17 mm, pour une photo de 18 x 24 cm, verre en polystyrène) Noir', 'Hama Cadre Photo Clip-Fixe (sans Bordure, 30 X 45 Cm, Anti-Reflex) Blanc']"
Picture World,Storage & Design,-,-,"['Hama Pages Intérieures Album Photo Scrapbooking (Recharge de Pages Photo Cartonnées avec Papier Cristal de Protection, 250g/m2, 23.3 x 31 cm, Perforées, 25 feuilles) Noir', 'Hama Pages Intérieures Album Photo Scrapbooking (Recharge de Pages Photo Cartonnées, 250g/m2, 23.3 x 31 cm, Perforées, 25 feuilles) Noir', 'Hama Pages Intérieures Album Photo Scrapbooking (Recharge de Pages Photo Cartonnées avec Papier Cristal de Protection, 250g/m2, 23.3 x 31 cm, Perforées, 25 feuilles) Blanc']"
Picture World,Storage & Design,Imaging & Optics,Albums & Accessories,"['Hama Étuis à négatifs, Papier Cristal, 7 Bandes de 6 négatifs, 24x36cm, 100 pièces', 'Pochettes pour 20 Diapositives encadrées de Format 5x5 cm, 25 pièces', 'Hama Étuis à négatifs, polypropylène, 7 bandes de 6 négatifs, 24x36cm, 25 pièces']"
Picture World,Storage & Design,Picture World,Album,"['Hama Album à spirales avec kit stickers créatifs DIY (50 pages blanches, Album Scrapbooking DIY Livre photo à Personnaliser, Idée cadeau fait mains, idéal journal intime)', nan]"
Picture World,Storage & Design,Picture World,Storage & Design,"['Hama 007103 - Ruban photo transparent, Blanc, 1000 pièces (2 paquets de 500 pièces)', 'Hama Distributeurs Coins photo (1000 coins, autocollants, distributeur pratique, sans acide, sans solvant, adapté albums, permet un archivage fiable, scrapbooking) Transparent', 'Hama Étuis à négatifs, polypropylène, 7 bandes de 6 négatifs, 24x36cm, 25 pièces']"
Storage Media,Computer,IT & Office,Digital Storage,"['Hama Clé USB 2.0 ""Hook-Style"", 64 GB, 15 MB/s, gris', 'Hama Clé USB C-Laeta (USB3.1/USB3.0 Type-C, 256GB, Double clé USB, pour Ordinateur Portable, téléphone Mobile, Tablette, OTG, 70 Mo/s, boîtier en métal, USB Type-C, clé de téléphone Portable) Argent', 'Hama Clé USB 3.0 ""Rotate"" (capacité de 256 GB, taux de transfert de 90 MB/s, avec accroche porte-clefs, flashpen clé usb) Bleu Pétrole']"
Storage Media,Computer,Storage Media,Computer,"['Hama Clé USB Rotate 8 GB, 10 MB/s, avec accroche porte-clés, flashpen, emballage fin Noir/Argent', 'Hama Clé USB 3.0 ""Rotate"" (capacité de 64 GB, taux de transfert de 70 MB/s, avec accroche porte-clefs, flashpen clé usb) Bleu Pétrole', 'Hama Clé USB C-Laeta (USB3.1/USB3.0 Type-C, 256GB, Double clé USB, pour Ordinateur Portable, téléphone Mobile, Tablette, OTG, 70 Mo/s, boîtier en métal, USB Type-C, clé de téléphone Portable) Argent']"
Storage Media,Photo & Camera,Imaging & Optics,Digital Storage,"['Hama Carte mémoire Photo (SDHC pour Photo/Classe 10, 16 GB - 22 MB/s) Bleu', 'Hama Carte mémoire Photo (SD pour Photo/Classe 4, 2 GB - 10 MB/s) Bleu', 'Hama Carte mémoire Photo (Micro SDHC pour Photo/Classe 10, 32 GB - 22 MB/s, Adaptateur Photo) Noir']"
Storage Media,Photo & Camera,Imaging & Optics,IT Essentials,"[nan, nan, 'Hama Lecteur de cartes USB-3.0 (USB, UHS-II, SD, aluminium, Lecteur de carte mémoire SD, SDHC, Cartes mémoire SDXC, Lecteur de carte pour PC/Mac/Ordinateur/Téléviseur) Anthracite']"
Storage Media,Photo & Camera,Storage Media,Photo & Camera,"['Hama Carte mémoire Photo (SD pour Photo/Classe 4, 2 GB - 10 MB/s) Bleu', 'Hama Carte mémoire Photo (SDHC pour Photo/Classe 10, 16 GB - 80 MB/s) Bleu', ""Hama Carte SDXC Classe 10 - Carte SD 64 Go, Vitesse jusqu'à 90 Mo/s, Carte Mémoire Compatible UHS-I, pour Ordinateur/Appareil Photo/Smartphone - Bleu""]"
Storage Media,Telecom Mobile,Mobile Communication,Digital Storage,"['Hama Carte mémoire pour téléphone (Micro SDHC pour téléphone/Classe 10, 16 GB - 80 MB/s, Adaptateur Mobile) Noir', nan, nan]"
Storage Media,Telecom Mobile,Storage Media,Telecom Mobile,"['Hama Carte mémoire pour téléphone (Micro SDHC pour téléphone/Classe 10, 32 GB - 80 MB/s, Adaptateur Mobile) Noir', 'Hama Carte mémoire pour téléphone (Micro SDXC pour téléphone / Classe 10, 128 GB - 80 MB/s, Adaptateur mobile) Noir', nan]"
